sample index,class_label,sensor6,sensor4,sensor0,sensor8,sensor2,sensor3,sensor1,sensor9,sensor5,sensor7
sample0,1,0.1113084393,0.873788291,0.8342509834,0.5996496616,0.5359036849,0.2148958435,0.7260813993,0.665568793,0.7676045224,0.5575264959
sample1,1,0.8335751895,0.6040745922,0.8040591738,0.0149661719,0.8698673072,0.334285064,0.2531351552,0.8029178106,0.4940453024,0.1941898293
sample2,1,0.0759053396,0.7628567272,0.694404275,0.6596330266,0.5812942742,0.7990034104,0.5957765709,0.8310087722,0.6513928475,0.0071863005
sample3,1,0.8277231363,0.8006198413,0.7836895305,0.7313434833,0.285043291,0.6273053944,0.0387796276,0.8923586951,0.4863401858,0.33980712
sample4,1,0.1837596119,0.6920645236,0.7888353322,0.4928990506,0.3487703312,0.9382443271,0.1744333489,0.9309689968,0.3776197172,0.616804669
sample5,1,0.1046426458,0.8121132013,0.2406299292,0.871183789,0.0914160782,0.1175978646,0.1424777512,0.0125659067,0.9437023427,0.8492666143
sample6,1,0.7544280586,0.9447091549,0.4056446222,0.9083389579,0.6638140345,0.6932747898,0.7273879895,0.2347491012,0.9738896511,0.2976160332
sample7,1,0.2267138764,0.8617615952,0.7147468237,0.6889825453,0.5882897122,0.1343704501,0.6562098658,0.883037768,0.9436160382,0.546324139
sample8,1,0.9403887504,0.9660423593,0.5353416487,0.9907405398,0.6210327652,0.7803364103,0.2735907684,0.0282834516,0.463964968,0.8674549334
sample9,1,0.7674937704,0.7038081931,0.5481967389,0.7601992568,0.2658239987,0.2494605244,0.3374262466,0.9320657585,0.9586147014,0.2058178315
sample10,1,0.9516112634,0.0058956831,0.5203011391,0.5718238565,0.7348934058,0.4917129516,0.2558606681,0.0981916826,0.2161225149,0.3681846739
sample11,1,0.9682082579,0.7628567272,0.7516346855,0.5289140407,0.3920310282,0.1515821142,0.2084478561,0.0575161861,0.3660291422,0.33980712
sample12,1,0.8189234326,0.4369186598,0.8568974795,0.9108856969,0.3175002281,0.607693646,0.6213031971,0.9919383387,0.9082263061,0.8625582863
sample13,1,0.8489032534,0.6026013196,0.7836895305,0.9682925887,0.284174192,0.8598276491,0.1164470797,0.8527245256,0.3468903996,0.8560251706
sample14,1,0.2014302151,0.4584870367,0.8553526511,0.5469836495,0.6918506709,0.8378702604,0.2607770353,0.2158997431,0.9750855405,0.6731111469
sample15,1,0.9576286784,0.2370934672,0.8217145617,0.9308072102,0.4401015525,0.0361723683,0.6706865591,0.8983404559,0.6690083555,0.9954815712
sample16,1,0.1825945893,0.9367318401,0.1817267639,0.8933491776,0.5578697406,0.5816795461,0.6356661691,0.1239436022,0.3092884034,0.3792576814
sample17,1,0.0083006807,0.8311617336,0.2549525423,0.3663325038,0.4922502169,0.660504233,0.7657419323,0.6069595086,0.7694107342,0.909086142
sample18,1,0.0227817188,0.5884363496,0.5228048219,0.7313434833,0.5983364427,0.5043326171,0.7199266939,0.1298448586,0.0135705501,0.3415861971
sample19,1,0.2173795685,0.596671212,0.2309840283,0.8933491776,0.4612534774,0.7324656922,0.6100998001,0.8765770961,0.7307437671,0.7894601303
sample20,1,0.803663764,0.6193123179,0.7707008155,0.6692614677,0.6092149509,0.4730398424,0.2353162289,0.9582848298,0.9103437547,0.4117642909
sample21,1,0.9483099496,0.9303218773,0.5461938505,0.1669860918,0.5720738759,0.4959998472,0.749156437,0.5626333237,0.8031690174,0.085674606
sample22,1,0.8694100608,0.5755765693,0.6267369309,0.9960977293,0.3229509131,0.4719316748,0.6786617531,0.4612613273,0.5397891761,0.688342274
sample23,1,0.1289634936,0.9448308987,0.3058042606,0.1048385466,0.4556282267,0.96206028,0.7233436386,0.5783890597,0.9786782758,0.9982302044
sample24,1,0.1284121575,0.0022463014,0.0176097621,0.6662702726,0.4580623529,0.6743819259,0.6478782282,0.5649519404,0.8491240132,0.4366360698
sample25,1,0.126005004,0.9436695925,0.818655462,0.9218404268,0.6775997904,0.7689745629,0.607226417,0.6262630478,0.9689529321,0.7993841547
sample26,1,0.0463507174,0.9074463731,0.874228245,0.9253443405,0.5879555182,0.1913728624,0.5487481598,0.8364743143,0.3312338981,0.7996464445
sample27,1,0.8930253193,0.8136175101,0.5558963397,0.9538124665,0.6352663764,0.8919004562,0.7233436386,0.7650767927,0.1826181491,0.0253904966
sample28,1,0.8445109558,0.5605253949,0.6279780315,0.4721018543,0.5812942742,0.5808954788,0.6202636631,0.8135555003,0.3806434952,0.9755580512
sample29,1,0.2244828128,0.7014925741,0.6243948636,0.7254281903,0.3603924971,0.115973376,0.5680141341,0.0063716436,0.5461648628,0.7486998717
sample30,1,0.7777917338,0.5160923114,0.9370265828,0.8682178639,0.4238246032,0.9309876102,0.715476828,0.2158997431,0.3397117868,0.122558449
sample31,1,0.9762491835,0.8876708554,0.6002021196,0.7319364082,0.188943659,0.7237053793,0.5794353193,0.5340189166,0.8031690174,0.3782241965
sample32,1,0.8853843014,0.2995593689,0.3449725815,0.7101511666,0.4776764341,0.4691729267,0.0168159244,0.1755528311,0.2857880645,0.332127031
sample33,1,0.8448376334,0.4984200148,0.8139441291,0.702825522,0.3714420785,0.6661835361,0.5989839599,0.1651502243,0.287248575,0.8117829886
sample34,1,0.7933790848,0.6780733984,0.8728351342,0.1539469717,0.3184015167,0.7008532415,0.576794602,0.8477807882,0.4092185316,0.9311013025
sample35,1,0.1508916458,0.9485839045,0.7255970828,0.5440069459,0.7204882481,0.5187812808,0.67489355,0.9672465655,0.8676357966,0.2813916254
sample36,1,0.00743841,0.6398726511,0.6619734799,0.8024360337,0.6852868245,0.8005140231,0.6706865591,0.7928259239,0.3252504314,0.3581751195
sample37,1,0.0985173299,0.5696764101,0.7931962262,0.7431517785,0.2655082288,0.5190053313,0.5734931644,0.2912988493,0.965137073,0.500517499
sample38,1,0.1086896949,0.182108691,0.990002203,0.5424904092,0.6056739269,0.8223770621,0.3838230452,0.8310087722,0.9973672189,0.8979778311
sample39,1,0.9556193934,0.5508579223,0.6616952542,0.9685201557,0.1636316756,0.5108859873,0.9759952062,0.9018776965,0.4940453024,0.9834553082
sample40,1,0.9791917339,0.3309226623,0.8994521718,0.5033388806,0.3683345304,0.7252992002,0.668232689,0.5640147248,0.499733005,0.881507114
sample41,1,0.9423554697,0.4639058711,0.4454142189,0.1658169375,0.4530876624,0.7334766341,0.0811817417,0.9301306995,0.4482153421,0.5791269967
sample42,1,0.9415354877,0.97292499,0.5429973752,0.705379817,0.334957367,0.510065508,0.0794319468,0.6066790717,0.9026989364,0.4633318376
sample43,1,0.0971779625,0.829955549,0.7008021525,0.3819220244,0.5197606628,0.6391581303,0.7489520628,0.7689318533,0.350133964,0.085674606
sample44,1,0.8360077073,0.5690216217,0.9934538278,0.6651062085,0.4216276602,0.2830476111,0.747968709,0.7282467035,0.3890124218,0.8637956784
sample45,1,0.200708148,0.6387333098,0.8728351342,0.8216163176,0.6415810934,0.0172269419,0.2569802676,0.1188837911,0.900252888,0.7936498537
sample46,1,0.9504668298,0.7502276484,0.5493169859,0.7401587572,0.7413562245,0.1737922202,0.575941124,0.2702993934,0.845650775,0.7580134073
sample47,1,0.9318843503,0.586662515,0.9240495885,0.3437676158,0.2773119214,0.7534943012,0.180193389,0.1651502243,0.2158841015,0.4654248608
sample48,1,0.8274392957,0.5690216217,0.1332930546,0.6210751108,0.4954347406,0.5108859873,0.0707862311,0.8259801828,0.9786782758,0.3823951301
sample49,1,0.8201195471,0.6486253878,0.3910162511,0.9596009234,0.5316756896,0.9864144201,0.2438599805,0.7436524349,0.7583965071,0.6222182533
sample50,1,0.2053435236,0.9448308987,0.865991368,0.9400721222,0.2527203451,0.7878368327,0.652622347,0.6155883806,0.3469857644,0.0722127882
sample51,1,0.8137131407,0.6192699689,0.8571331735,0.8597158029,0.5922005098,0.7237053793,0.1453667934,0.8002991197,0.3073521648,0.6209315168
sample52,1,0.2404640436,0.7454818174,0.7661508942,0.9331831538,0.2534802066,0.7334766341,0.2182816282,0.0079764205,0.5212744306,0.1611640694
sample53,1,0.9791917339,0.8128764169,0.3661386633,0.3781406298,0.4018964769,0.2920320543,0.6394083886,0.8983008259,0.9296206213,0.8328249903
sample54,1,0.9354541735,0.76693703,0.7050742645,0.8938561842,0.2733874882,0.5227636535,0.7557117095,0.8259801828,0.9895884952,0.8328249903
sample55,1,0.1182897947,0.6521774583,0.8126376842,0.9019628825,0.6041684263,0.9284352127,0.5972114974,0.3948819641,0.2007644373,0.4400796392
sample56,1,0.207925458,0.6079896463,0.990002203,0.5296357118,0.7458076915,0.6743819259,0.5367293158,0.0080385602,0.9952008855,0.7702408777
sample57,1,0.1939888957,0.8616983538,0.4572804577,0.833295722,0.290666498,0.2123693367,0.1786289458,0.2228614858,0.2682041846,0.3537396606
sample58,1,0.9605336673,0.6194986438,0.7413951873,0.5806131919,0.6094032682,0.0891492529,0.3949563245,0.7639119854,0.559436022,0.8560251706
sample59,1,0.8468590957,0.6530197511,0.6461430374,0.9051865383,0.3089417334,0.6366052642,0.0339078647,0.6518950482,0.1943339008,0.2581001686
sample60,1,0.1452645214,0.4978418677,0.6104136944,0.5469836495,0.2513885186,0.8650902104,0.5780030559,0.6340279345,0.9364261017,0.2100121658
sample61,1,0.0798756451,0.8313894952,0.740488549,0.5654118381,0.3375514491,0.8037928354,0.5654403607,0.8386335211,0.3387907019,0.0203232136
sample62,1,0.1264964677,0.6521774583,0.9370265828,0.880283051,0.4282065848,0.0496005227,0.2060239999,0.6962167823,0.6479012896,0.2675857689
sample63,1,0.0759356492,0.763675792,0.252218019,0.300455664,0.3749884293,0.9084460914,0.444950919,0.8983404559,0.4940453024,0.2983508968
sample64,1,0.2244828128,0.1598151218,0.9027174123,0.9604624523,0.6210327652,0.7008532415,0.2545736491,0.6367713934,0.3776489433,0.3859892814
sample65,1,0.9832887888,0.6849847719,0.5463259058,0.1341759706,0.5322577019,0.7744388113,0.146527196,0.3052238118,0.6277442665,0.3252502016
sample66,1,0.1304621834,0.8502801178,0.6083900635,0.6214366597,0.5316756896,0.9540195352,0.6451312351,0.5878381344,0.8457072355,0.3683708485
sample67,1,0.1823573147,0.6849847719,0.9011410596,0.784541915,0.7204882481,0.5362055819,0.631214742,0.8650541626,0.8160858123,0.5318488597
sample68,1,0.9009042811,0.7602445299,0.7451292968,0.4046641383,0.4502149389,0.7612286024,0.1639890408,0.6915618478,0.29819774,0.3851732226
sample69,1,0.0135795406,0.6628532049,0.6212116969,0.9019628825,0.0137994336,0.9370588692,0.651144315,0.2141206976,0.9736417935,0.0100719016
sample70,1,0.7859002842,0.900723445,0.9070883495,0.7206062541,0.4487196133,0.9205933017,0.1147945762,0.2141206976,0.3193397974,0.7580134073
sample71,1,0.9620168502,0.8622812063,0.6267369309,0.6114646162,0.3188663607,0.3589421849,0.260392354,0.6604504495,0.9047124355,0.4835151107
sample72,1,0.0693140964,0.6848148697,0.609432921,0.5765167638,0.6206714366,0.9858628421,0.6654734698,0.1622587699,0.0608301318,0.92506344
sample73,1,0.0536461438,0.6398726511,0.846650733,0.6265828645,0.2513885186,0.4040646011,0.7197958724,0.8631026649,0.3845196695,0.9676399657
sample74,1,0.0001732365,0.4841403634,0.6123472106,0.5029128771,0.3371973542,0.882479908,0.2229675484,0.8631026649,0.3912726056,0.1753382872
sample75,1,0.7979994532,0.873788291,0.6492969892,0.8555472235,0.7289273612,0.5502284088,0.1734265387,0.2533365857,0.3722274168,0.3349258928
sample76,1,0.1596090231,0.697903107,0.5228048219,0.6748664644,0.3855091039,0.8485825392,0.7459991837,0.38714302,0.0643411235,0.9732617068
sample77,1,0.2035943371,0.396052564,0.8630070341,0.7010800453,0.5946770833,0.5599052054,0.4156151234,0.7625114946,0.3152736809,0.0271300498
sample78,1,0.0759779531,0.6844778598,0.9921556222,0.6763375277,0.6731068601,0.6192438657,0.0046050913,0.592611137,0.3092992682,0.0558574407
sample79,1,0.0176182964,0.5294335219,0.4694026131,0.784541915,0.1155822043,0.4970716506,0.7493075915,0.937797178,0.8274723198,0.4433300928
sample80,1,0.9832876419,0.8785024948,0.4321558373,0.6056731297,0.2606391686,0.0545814632,0.5876800246,0.8579557269,0.8909212732,0.7486998717
sample81,1,0.1259826945,0.8906002559,0.818655462,0.7178730893,0.5640741294,0.9592777275,0.8686302392,0.9651774386,0.9068407745,0.9159118788
sample82,1,0.8814219376,0.8136175101,0.2452730534,0.603121416,0.6918506709,0.8706841872,0.672755486,0.5695290873,0.6360058771,0.8674549334
sample83,1,0.1762062412,0.5160923114,0.5806852305,0.8470039028,0.3975585801,0.0204510899,0.1097374015,0.2289607897,0.1566296328,0.5965585194
sample84,1,0.1976013203,0.5175717942,0.4463181845,0.7416936191,0.5140303008,0.6391581303,0.1639890408,0.8870762721,0.912670298,0.5134911703
sample85,1,0.1541353792,0.6988305268,0.0311702253,0.0573724886,0.3603924971,0.330082801,0.7150899216,0.937797178,0.5548737061,0.6066958314
sample86,1,0.8308671517,0.556827831,0.5825789096,0.920915073,0.5014401245,0.8316905375,0.1107987663,0.9163286543,0.7379935403,0.1223899605
sample87,1,0.7593263059,0.5047822796,0.6301478079,0.9137939144,0.5208270706,0.2272332317,0.7258185327,0.8228611345,0.9112191221,0.2590270444
sample88,1,0.0068991887,0.8469453433,0.7526444038,0.5519887309,0.6320284054,0.7990034104,0.9254778403,0.0639578377,0.8831977483,0.8927870814
sample89,1,0.0178424604,0.5605253949,0.6545975459,0.7254281903,0.6721296052,0.9052782097,0.173511963,0.8310087722,0.9427163233,0.8822089373
sample90,1,0.8457970037,0.829955549,0.5906735762,0.7153294275,0.6918506709,0.7612286024,0.0936764073,0.000451779,0.4151651669,0.5668215951
sample91,1,0.8480616865,0.8238429617,0.9088819202,0.8257465269,0.2884739367,0.2908746241,0.1339660403,0.883037768,0.6399282891,0.798825303
sample92,1,0.0205677969,0.8740530735,0.9875428113,0.627163421,0.6649357766,0.5056360748,0.1091484111,0.6381280372,0.2998209047,0.774742041
sample93,1,0.9372718435,0.9447091549,0.6315113421,0.8555472235,0.3118111868,0.1689019601,0.1330031134,0.8550927589,0.8115742026,0.4806324405
sample94,1,0.2449907476,0.9252798647,0.7008021525,0.3229877317,0.3061574657,0.9052782097,0.064824698,0.1754412378,0.0026952604,0.0258424614
sample95,1,0.920692414,0.2117696705,0.3201179992,0.0031654107,0.6449212599,0.9382443271,0.2389990284,0.6601860601,0.1143312575,0.9764336812
sample96,1,0.9858849344,0.9444962927,0.6995393868,0.0910525438,0.4439682805,0.7065768515,0.9815561617,0.1298448586,0.3303400839,0.7324832903
sample97,1,0.9244393355,0.0381747628,0.7545444904,0.8770006691,0.2576540074,0.5300665043,0.0585339857,0.6649416721,0.3226599567,0.3415861971
sample98,1,0.9566497752,0.8758883684,0.5976449009,0.1706670033,0.3888472703,0.8723523189,0.1029913122,0.9886613277,0.3377569067,0.9301617113
sample99,1,0.8451672536,0.5995717331,0.8261297993,0.7710712237,0.7767615874,0.904272109,0.0383729277,0.9040540586,0.6913241642,0.4250338475
sample100,1,0.0263372474,0.5944097706,0.8261297993,0.8589074359,0.6411747111,0.8642280047,0.5567894776,0.852345316,0.2486112343,0.3459821563
sample101,1,0.8741996642,0.3957922205,0.656906548,0.5553811712,0.545597725,0.4023676,0.6134146295,0.6356263417,0.3312338981,0.6760003014
sample102,1,0.1591909884,0.763675792,0.976944656,0.6265828645,0.6731068601,0.8406195673,0.734798399,0.7632176077,0.8770158088,0.5249839995
sample103,1,0.9318843503,0.7974969633,0.9020215049,0.8538074167,0.6801484223,0.8037928354,0.2281580368,0.0784977246,0.317880655,0.2211821674
sample104,1,0.8258870034,0.5411480783,0.5429973752,0.299765051,0.3009915377,0.510065508,0.066255175,0.0516971267,0.7928154813,0.2675857689
sample105,1,0.1041677284,0.9275828878,0.8509366656,0.8211503078,0.6872853466,0.4877656524,0.6432318583,0.1261662216,0.7685679451,0.7864004823
sample106,1,0.1012121778,0.8359118531,0.8034467378,0.6114593513,0.7483719683,0.8903018689,0.3504774865,0.6554744253,0.4060993111,0.3311606079
sample107,1,0.8297603033,0.9994119136,0.6535157873,0.8211503078,0.4282065848,0.935414373,0.0076691485,0.4548170374,0.3776197172,0.4419694992
sample108,1,0.9956633571,0.6803763942,0.8334763293,0.5877865924,0.1407771261,0.5611683174,0.7292061019,0.5242142715,0.8864197023,0.1741417298
sample109,1,0.0063678109,0.9650503155,0.5979679623,0.6833551676,0.377372067,0.8727697658,0.4632178257,0.4938425173,0.3840790616,0.36421865
sample110,1,0.0550344006,0.8876708554,0.9230786256,0.7692512132,0.4612534774,0.4295414323,0.600662701,0.8180413333,0.0288008982,0.2509889797
sample111,1,0.8201171761,0.9211199338,0.9875428113,0.0706371069,0.2576540074,0.8005140231,0.5728395777,0.7644328273,0.3397117868,0.2213513178
sample112,1,0.029024442,0.3409657669,0.731443638,0.7028442974,0.284174192,0.5055081293,0.0176671534,0.8154698956,0.3852161262,0.1150220089
sample113,1,0.0183599459,0.4954565286,0.7527599197,0.9218404268,0.4522443679,0.9438582397,0.2303405106,0.1065813947,0.8464281336,0.6770140363
sample114,1,0.1239903764,0.7427075984,0.7164371988,0.9949590374,0.5615698786,0.9709932912,0.0187908887,0.1261662216,0.4950495135,0.9231248041
sample115,1,0.1564890553,0.5294335219,0.5349063126,0.8940136245,0.3996815149,0.3442877714,0.6365909821,0.8351077799,0.7561667568,0.4828447739
sample116,1,0.2202373811,0.9147376618,0.6785352221,0.9925106479,0.8506315619,0.9284352127,0.9104783061,0.7953872402,0.3212813279,0.3005110768
sample117,1,0.8002781225,0.7228965875,0.7304615663,0.3257894081,0.7070126052,0.88435863,0.1029203342,0.5377928806,0.2017032471,0.131215909
sample118,1,0.0917897103,0.590048692,0.7782670396,0.7187526353,0.555072916,0.9072591437,0.6403831688,0.849465479,0.8790516382,0.8551668718
sample119,1,0.9521274737,0.101737402,0.636235521,0.8637857798,0.1475810497,0.3221280453,0.7465855205,0.6625559261,0.3840790616,0.7237396738
sample120,1,0.8118336604,0.6258151178,0.9203199879,0.9291233619,0.5058054043,0.8500981946,0.003865393,0.1827518706,0.8782410657,0.3089916873
sample121,1,0.0335950051,0.8740530735,0.722680376,0.354623246,0.2501630103,0.5599052054,0.250359302,0.6362404848,0.4314268612,0.2813916254
sample122,1,0.0019865426,0.9383166736,0.5908372785,0.4248672622,0.5922319787,0.7517737865,0.6168867002,0.0054473862,0.811612294,0.0709666468
sample123,1,0.2108027746,0.1769847407,0.6901546574,0.5576105994,0.4055434265,0.6391581303,0.6396282793,0.363693618,0.3585807198,0.4433300928
sample124,1,0.9793029669,0.5443402926,0.8588260426,0.5200490514,0.5140303008,0.0601054859,0.2228788471,0.7432694219,0.429986788,0.8131161308
sample125,1,0.0259939271,0.4784163616,0.0995742767,0.6748664644,0.733897173,0.990251208,0.683672169,0.0700604962,0.3052108718,0.9954815712
sample126,1,0.1702614114,0.3433815593,0.9089891699,0.8053245096,0.5673681792,0.9817008705,0.0442659061,0.434244982,0.7835133388,0.054377985
sample127,1,0.8020432086,0.58230682,0.9089891699,0.6622386604,0.4059252043,0.5586912576,0.7260813993,0.8386335211,0.2548049332,0.7933544527
sample128,1,0.2010749063,0.9373984344,0.568974679,0.7254281903,0.6613231208,0.7534943012,0.225643155,0.9040540586,0.902236656,0.7460935159
sample129,1,0.1553317528,0.9038600227,0.7626327439,0.7241499627,0.9757773408,0.6669632412,0.7423971445,0.0817140408,0.6988261696,0.922425733
sample130,1,0.1261447045,0.2831173998,0.0627958706,0.5424904092,0.5058054043,0.7651754866,0.542073203,0.1685622488,0.3845196695,0.2590270444
sample131,1,0.1939888957,0.8902137829,0.5426350782,0.7808634413,0.6212252371,0.5056360748,0.6082229063,0.9643714097,0.4193885706,0.3681846739
sample132,1,0.7675924174,0.9485839045,0.5426350782,0.9685201557,0.2783753174,0.9911561664,0.1502149853,0.7639119854,0.4482153421,0.9301617113
sample133,1,0.1809157085,0.8413521787,0.5897821358,0.5440069459,0.5578697406,0.5187812808,0.5763954113,0.3886498196,0.776609669,0.4544476043
sample134,1,0.1442894092,0.8313894952,0.5216669318,0.0075835972,0.4657686253,0.7568541716,0.9562448998,0.15303451,0.7555297952,0.9613175676
sample135,1,0.0174586592,0.7064863792,0.722680376,0.8417291268,0.2997924243,0.6385997371,0.0183596577,0.3057844055,0.9360566975,0.406494188
sample136,1,0.788419791,0.7357302656,0.636235521,0.9313630576,0.9423383491,0.9545483811,0.7632850299,0.8666303465,0.8714890657,0.4366360698
sample137,1,0.1837596119,0.5294335219,0.576136515,0.8722731916,0.398810245,0.889262286,0.2335242475,0.4763971932,0.2605865957,0.4635449661
sample138,1,0.0188522839,0.5755847096,0.5909810487,0.6875808077,0.8267103088,0.9817008705,0.5696507345,0.7953872402,0.3274030773,0.2451537875
sample139,1,0.1638662238,0.8337196768,0.5906735762,0.9204182902,0.4922502169,0.5187812808,0.6168867002,0.037123088,0.9372948211,0.6476860183
sample140,1,0.9250483148,0.7158210861,0.3189403073,0.4706563407,0.595755784,0.7286171679,0.6414745091,0.5833608586,0.8100886809,0.8891915242
sample141,1,0.2081143999,0.0731394824,0.6230339064,0.6662702726,0.2536840318,0.8739260023,0.0209133675,0.911298958,0.2614644468,0.2912740086
sample142,1,0.1601747716,0.2397291204,0.5096502288,0.9190118268,0.6092149509,0.904272109,0.5356609018,0.911298958,0.9843375756,0.8355177329
sample143,1,0.0129099291,0.9695442222,0.7147468237,0.9960745764,0.5698261959,0.889262286,0.6610417921,0.7140103352,0.7557529919,0.4383640742
sample144,1,0.1625360411,0.1657332287,0.765239857,0.4602794103,0.4251120179,0.5024073123,0.0707862311,0.9994652658,0.855577313,0.5486497787
sample145,1,0.0820262348,0.8182848733,0.7983735803,0.7577298402,0.6227717489,0.9891767417,0.7032701898,0.2117521086,0.4927427953,0.8750653363
sample146,1,0.8457970037,0.3704821584,0.713992618,0.5238856588,0.4412589051,0.631966336,0.2545130879,0.5833608586,0.7724385109,0.9393279746
sample147,1,0.7563245093,0.5064790153,0.730204051,0.9463775393,0.4570743877,0.6562334239,0.5696507345,0.2228614858,0.2548049332,0.8681648779
sample148,1,0.1450755657,0.50675626,0.7830341392,0.7870466245,0.4439682805,0.0418422313,0.250359302,0.8983008259,0.3227059241,0.8891915242
sample149,1,0.8709196231,0.4978418677,0.8139441291,0.7442477936,0.5983364427,0.6780681403,0.695566431,0.8150427909,0.0188459244,0.9834553082
sample150,1,0.1939551585,0.9063775337,0.5493169859,0.6635482847,0.3175002281,0.9010445437,0.7889819993,0.0552001358,0.4166529774,0.4993850081
sample151,1,0.9179416353,0.723900377,0.6974960316,0.3555578462,0.7718675551,0.8913142863,0.4760150017,0.4386412158,0.9215006445,0.6578066429
sample152,1,0.9579110476,0.763675792,0.7661508942,0.7779197491,0.0290839499,0.8021287022,0.695252024,0.1519210138,0.3105779136,0.2042311129
sample153,1,0.0771893504,0.8128764169,0.7778184765,0.5654118381,0.6600371883,0.5959500556,0.625384343,0.829776299,0.8790516382,0.8097246521
sample154,1,0.8373830755,0.9347323572,0.9104946877,0.5640600733,0.8598327499,0.7568541716,0.652622347,0.1915595748,0.2855051383,0.8492666143
sample155,1,0.0178424604,0.6579910054,0.9769149329,0.7389055242,0.5014401245,0.6688579396,0.2446954752,0.5848489081,0.9690173913,0.2451144217
sample156,1,0.9832887888,0.7044276774,0.7363188503,0.6056731297,0.5119219344,0.5454765145,0.1029203342,0.3212635691,0.902236656,0.2535975973
sample157,1,0.0752466844,0.7101964619,0.8104132845,0.5093226583,0.7206590406,0.9684075154,0.5487481598,0.8132394655,0.4647778954,0.8729490049
sample158,1,0.8698686759,0.5560887027,0.8289485979,0.578722627,0.3896891903,0.7708312985,0.0317423243,0.2289607897,0.4332178542,0.7189702477
sample159,1,0.0019865426,0.5578873608,0.1998080774,0.9411044353,0.3422500856,0.7328980805,0.7423971445,0.9777143815,0.8806050157,0.2723271769
sample160,1,0.8157986032,0.9810016634,0.2595532492,0.0830274849,0.5062469503,0.7418968781,0.7260813993,0.8111598745,0.4991674759,0.8822089373
sample161,1,0.7687970528,0.876396393,0.7888353322,0.6428798676,0.3920310282,0.8488189264,0.5780030559,0.6886812012,0.3469857644,0.4992488424
sample162,1,0.1870179181,0.6022471779,0.9921556222,0.8436210001,0.5845112162,0.5025487572,0.1168249113,0.9347227155,0.3640005292,0.8696932229
sample163,1,0.2187237179,0.461454766,0.2903927713,0.9375087665,0.3480119158,0.8218026323,0.5005402286,0.9414748975,0.353003946,0.8681648779
sample164,1,0.2266059896,0.607386689,0.5843295891,0.5595483508,0.4924603867,0.6458415264,0.6385132384,0.9975239613,0.4931505323,0.6036517944
sample165,1,0.8751544898,0.8876708554,0.7304615663,0.516186809,0.7047383817,0.4649760379,0.2076706689,0.8828767975,0.2462272401,0.4433300928
sample166,1,0.1426307731,0.6388855168,0.7633816404,0.5638298216,0.4321670387,0.6588502166,0.0043163159,0.4181177866,0.9215006445,0.2249822439
sample167,1,0.7900110367,0.7963433643,0.9104946877,0.5269816849,0.4616808614,0.5454765145,0.5527959269,0.3148275935,0.2998209047,0.2633166418
sample168,1,0.7535568087,0.7357302656,0.9921556222,0.5093226583,0.1469863135,0.0914513605,0.5344587001,0.5083860999,0.3073521648,0.4001732979
sample169,1,0.022405063,0.9945085926,0.7151618846,0.836507884,0.4949080961,0.8005140231,0.6432318583,0.5898427279,0.9427163233,0.0104481563
sample170,1,0.1191639376,0.6628532049,0.5840913187,0.9398731406,0.452945142,0.8173438468,0.6641076244,0.7486996812,0.693705218,0.4280916183
sample171,1,0.7773555567,0.7612369802,0.1040860731,0.7019207029,0.6193024572,0.1547218525,0.695566431,0.7650767927,0.4893100875,0.384033082
sample172,1,0.8853843014,0.6010149871,0.6943705049,0.8141338601,0.6581132755,0.3552860628,0.6518720212,0.8766493425,0.1949661954,0.5629778836
sample173,1,0.1767075054,0.586662515,0.3685566917,0.8189217572,0.9021512041,0.4666706041,0.6610417921,0.7396874105,0.9124322893,0.5218886121
sample174,1,0.8975136717,0.7726855082,0.9452105345,0.3052556998,0.4362907373,0.7328980805,0.1360182573,0.0833796775,0.8115742026,0.7004402518
sample175,1,0.9733415138,0.4972647303,0.5806852305,0.7775153486,0.3100666977,0.2659879858,0.712238197,0.3649159714,0.2021987181,0.755310861
sample176,1,0.7683231985,0.2495151226,0.2191747319,0.9026740141,0.7029669912,0.0144306882,0.2182816282,0.5274375908,0.356777107,0.8674549334
sample177,1,0.8734367247,0.7250490768,0.6955821606,0.9154537141,0.3708717247,0.6940006531,0.096795769,0.9085109969,0.3387907019,0.4393884861
sample178,1,0.212138086,0.6026013196,0.9994756876,0.9059256046,0.3574720356,0.8650902104,0.0794319468,0.0466634933,0.317596744,0.2949907771
sample179,1,0.9845401786,0.4775007173,0.206543202,0.9093975264,0.377251631,0.9359758262,0.6028509939,0.1760699344,0.6053526609,0.4393884861
sample180,1,0.0466434976,0.2253007228,0.7440290278,0.763139476,0.7130039521,0.8406195673,0.6483578871,0.9777143815,0.5743145176,0.3960530293
sample181,1,0.9297222492,0.5592033742,0.645800224,0.5519887309,0.9691425875,0.6588502166,0.9044417921,0.8150427909,0.912670298,0.373990894
sample182,1,0.8919798645,0.8761566313,0.7440290278,0.9313630576,0.7289273612,0.9895248071,0.5379985024,0.8500126144,0.6614528861,0.8126068467
sample183,1,0.0317569041,0.657530461,0.8721848842,0.5222767857,0.4059252043,0.5227636535,0.003865393,0.7126598371,0.5557558151,0.5778483872
sample184,1,0.8746000815,0.5534463611,0.6403523413,0.6638354722,0.3896891903,0.144612966,0.1786289458,0.9643714097,0.6671633165,0.8641537194
sample185,1,0.9807860843,0.5059979472,0.9436054667,0.6622386604,0.3975585801,0.8903018689,0.1560284579,0.9529456283,0.4893100875,0.332127031
sample186,1,0.1331520046,0.590048692,0.6943705049,0.8436210001,0.7092751919,0.8223770621,0.2200839322,0.000451779,0.6372440269,0.3199137707
sample187,1,0.9449769534,0.9916324726,0.139577061,0.5664511252,0.306653477,0.8401838328,0.5957765709,0.9093825463,0.8100886809,0.2590270444
sample188,1,0.1740085076,0.8126801424,0.3999914243,0.880658884,0.5062469503,0.8485825392,0.7149587982,0.3046622123,0.7829854962,0.9888777519
sample189,1,0.1136473694,0.8235533858,0.568974679,0.8639028736,0.750586101,0.5871992109,0.2722350729,0.2416875413,0.6123839602,0.5871542477
sample190,1,0.8969669408,0.5047822796,0.9863485109,0.6692614677,0.4439682805,0.8173438468,0.1171221107,0.9672465655,0.7329338737,0.7501044245
sample191,1,0.1035316841,0.9032643623,0.7045672958,0.97476426,0.9439317876,0.7532397759,0.1699986024,0.1760699344,0.3127853316,0.36421865
sample192,1,0.8256267061,0.9583232862,0.8480753124,0.9830139031,0.7350662438,0.2417010843,0.6385132384,0.3469660836,0.3890124218,0.294356755
sample193,1,0.1425331578,0.5611700178,0.8846729711,0.5361161701,0.4776764341,0.9864144201,0.003865393,0.5824908577,0.1498463025,0.2447796961
sample194,1,0.849827338,0.9275828878,0.9876612957,0.7800914498,0.4592291944,0.5300665043,0.0339357784,0.6016699086,0.4193885706,0.6876649316
sample195,1,0.1950029945,0.8390836118,0.6661535207,0.5923590442,0.285043291,0.853336681,0.709930681,0.1827518706,0.3312338981,0.122558449
sample196,1,0.9820243713,0.5671661087,0.8893234504,0.5042269381,0.6094032682,0.1572129419,0.734798399,0.2747073905,0.5562953688,0.7354700577
sample197,1,0.7898785016,0.9695442222,0.9294196422,0.5269816849,0.1804369304,0.9570429569,0.2524388468,0.6598203168,0.4891385828,0.7356030732
sample198,1,0.9971409315,0.8198431649,0.7916599111,0.9411044353,0.1905268299,0.3243315265,0.5972114974,0.0812931591,0.9308181468,0.0628065123
sample199,1,0.7971389474,0.825031269,0.6691036031,0.9907405398,0.4522443679,0.7662120163,0.1902962575,0.1372514513,0.3526244639,0.0033217083
sample200,-1,0.3877575905,0.1002188345,0.4614151539,0.3846553665,0.4584689625,0.8799201139,0.8230571633,0.5783890597,0.6434781625,0.5120130289
sample201,-1,0.4366318282,0.4518135607,0.1586153184,0.4706563407,0.825923216,0.2528259531,0.8052154857,0.4011338724,0.6372440269,0.3851732226
sample202,-1,0.6600443573,0.135060861,0.0150530248,0.3437676158,0.8208003702,0.4636589763,0.1613740059,0.5588886709,0.4092185316,0.1611640694
sample203,-1,0.3998482235,0.1304529993,0.2543016972,0.1113507626,0.8942336868,0.2272332317,0.4054471655,0.3057844055,0.5048407682,0.0203232136
sample204,-1,0.5872757826,0.829955549,0.1511921995,0.4019583514,0.1634594539,0.3565271038,0.413258092,0.7336555831,0.9364261017,0.620887898
sample205,-1,0.2853531997,0.3563065195,0.9994756876,0.0910525438,0.8598327499,0.3589421849,0.3557667141,0.0515308195,0.6690083555,0.6105762817
sample206,-1,0.6117171271,0.2113710951,0.4604409745,0.4950414708,0.2536840318,0.0886581417,0.3868045761,0.7625697076,0.7685679451,0.122558449
sample207,-1,0.4022608077,0.2418615077,0.976944656,0.3652554229,0.0319673847,0.3422849216,0.8059056664,0.5094519417,0.3227059241,0.085674606
sample208,-1,0.3253645335,0.7101964619,0.4089252022,0.3265455202,0.1018251223,0.3803549893,0.631214742,0.441993055,0.2410911513,0.2617771633
sample209,-1,0.5190010559,0.0200131204,0.3468684942,0.3477414996,0.797531316,0.3275788185,0.9759952062,0.5626333237,0.7232439191,0.2370523412
sample210,-1,0.3786313911,0.2066689928,0.7451292968,0.0779752789,0.2534802066,0.2720803838,0.2779800821,0.6069595086,0.7400273372,0.7349639453
sample211,-1,0.3029581317,0.6194986438,0.0470702797,0.1244653793,0.0336688969,0.0886581417,0.803819621,0.3742860483,0.2138734487,0.4122672896
sample212,-1,0.3976176619,0.2229785418,0.2300105226,0.2145282362,0.1469863135,0.141633686,0.4462973469,0.9477289789,0.1185723809,0.3446303201
sample213,-1,0.3698946617,0.3317856962,0.0176097621,0.9291233619,0.0145345382,0.1184111355,0.3470616666,0.7131969885,0.4321706819,0.6222182533
sample214,-1,0.4237643658,0.4369186598,0.299935106,0.2459012606,0.0071218382,0.9951191235,0.4930905704,0.7250898091,0.3020851973,0.2058178315
sample215,-1,0.6365292534,0.3410741753,0.5892429861,0.2501879687,0.9214476502,0.4572239158,0.2885333947,0.2435180352,0.9738896511,0.8625582863
sample216,-1,0.5927143906,0.2720660631,0.0492598183,0.0228243038,0.7546097777,0.9284352127,0.4440792242,0.9018776965,0.0317224318,0.6939980673
sample217,-1,0.6735829022,0.6579910054,0.5031815354,0.0714747334,0.0355416691,0.2748152365,0.461283315,0.9036255274,0.2857880645,0.0607908694
sample218,-1,0.629030841,0.2855529611,0.8791254132,0.0254559794,0.0068988403,0.9359758262,0.8108159573,0.7099579018,0.6582689072,0.6706790419
sample219,-1,0.443974742,0.2361406455,0.2202831229,0.9596009234,0.2160157153,0.5024073123,0.8138524926,0.2567491852,0.5782875083,0.5749551122
sample220,-1,0.2960088128,0.01134496,0.3633405651,0.4518996851,0.3100666977,0.6058529451,0.2877975891,0.4035937284,0.0338095462,0.8779585903
sample221,-1,0.4405425327,0.3748486963,0.4457041886,0.3137132418,0.9791194734,0.334285064,0.9408001218,0.3742860483,0.2232839228,0.66399181
sample222,-1,0.6194712845,0.2488087963,0.4089252022,0.3636389615,0.3422500856,0.4572239158,0.3377925535,0.8950643271,0.7170081161,0.6168455337
sample223,-1,0.5681104263,0.6388855168,0.1355237398,0.0076124943,0.0775033419,0.5611683174,0.420870549,0.6218516826,0.5703896125,0.4366360698
sample224,-1,0.505658655,0.7427075984,0.4403657886,0.0174440059,0.844765906,0.0287337453,0.9044417921,0.8579557269,0.0649584717,0.4250338475
sample225,-1,0.7144608447,0.2697392312,0.106171558,0.5806131919,0.7517218926,0.8593507019,0.4158620154,0.2435180352,0.0941445236,0.2053810721
sample226,-1,0.2665327383,0.3613094576,0.4698986722,0.0256068773,0.0755156006,0.8295695445,0.8114503102,0.7928259239,0.559436022,0.183910227
sample227,-1,0.4159614758,0.1346353777,0.5843295891,0.4349205267,0.3888472703,0.2659879858,0.7762172864,0.7644328273,0.5032273958,0.6578066429
sample228,-1,0.3896282108,0.0211713668,0.5461938505,0.0403655148,0.7614848611,0.1737922202,0.7762172864,0.1622587699,0.0654505003,0.5673089787
sample229,-1,0.593686192,0.0381747628,0.8342509834,0.4486521692,0.9423383491,0.9657400745,0.5509697888,0.0516971267,0.8414531171,0.2976160332
sample230,-1,0.4355488914,0.1394034068,0.252218019,0.4721018543,0.1155822043,0.8406195673,0.843860823,0.5833608586,0.2390020907,0.0875505984
sample231,-1,0.3932498566,0.2397291204,0.9203199879,0.0830274849,0.4412589051,0.0542300945,0.4584771401,0.6262630478,0.3585807198,0.0855983558
sample232,-1,0.5582881897,0.3309226623,0.0142243883,0.1393056606,0.0066199899,0.2098640352,0.512845891,0.3513858256,0.1285627302,0.4894042144
sample233,-1,0.6483095269,0.4306019902,0.6243948636,0.3191466668,0.0784253004,0.9172113075,0.2779800821,0.2416875413,0.1498463025,0.2590270444
sample234,-1,0.6965554418,0.9994119136,0.2627475752,0.2979029076,0.0288111308,0.8974269106,0.0383729277,0.4761634384,0.6906313013,0.3360541126
sample235,-1,0.6721499214,0.1002188345,0.3988310224,0.0634209453,0.1407771261,0.7286171679,0.3916543328,0.8430740327,0.0026952604,0.6036517944
sample236,-1,0.5751261938,0.1129795174,0.4665234527,0.0173826219,0.9929634028,0.3211559792,0.2991402362,0.6367713934,0.6321916004,0.3859892814
sample237,-1,0.4160033801,0.1657332287,0.8027231448,0.3201157572,0.0638079284,0.4239315515,0.3520462011,0.3807625667,0.658327538,0.1026753799
sample238,-1,0.5225371938,0.3152395535,0.2514021874,0.2142407433,0.8574895644,0.0014655638,0.420698887,0.5618778475,0.7379935403,0.2451144217
sample239,-1,0.5699466647,0.0453293157,0.2903927713,0.3624650566,0.1852500136,0.3552860628,0.3739054963,0.6554744253,0.1009878178,0.941380668
sample240,-1,0.5939698012,0.425886079,0.4522904007,0.0851286028,0.9069190118,0.6904051087,0.0043163159,0.6054050951,0.2138734487,0.7236367376
sample241,-1,0.4347004113,0.3704821584,0.2190883439,0.2117815685,0.8681335728,0.122610568,0.1560284579,0.3212635691,0.6780894989,0.2702437727
sample242,-1,0.5225371938,0.4369186598,0.2232892599,0.4046641383,0.1282517038,0.0609417654,0.9504327646,0.5969036829,0.0649584717,0.1185379862
sample243,-1,0.6214605963,0.0037498579,0.2489215763,0.2664116501,0.1122223452,0.4671783304,0.8168237796,0.6081351137,0.029471831,0.5965585194
sample244,-1,0.5207790609,0.327712297,0.4142094569,0.3201157572,0.7634543345,0.2668752003,0.1453667934,0.6604504495,0.5743145176,0.5772985385
sample245,-1,0.3378240252,0.4364797625,0.2366319002,0.1706670033,0.2414702542,0.0361723683,0.9313927604,0.5611128791,0.6832573782,0.2122867299
sample246,-1,0.6224742833,0.7038081931,0.8509366656,0.336734812,0.188943659,0.607693646,0.5066061488,0.8662385053,0.7703896351,0.7861352555
sample247,-1,0.6973711452,0.2807885745,0.2681691027,0.9108856969,0.7461447995,0.6657346419,0.5066270071,0.0282834516,0.0643411235,0.2064349092
sample248,-1,0.6435025538,0.4362047503,0.1630339458,0.1429264802,0.1986555086,0.141633686,0.8074777016,0.5347339347,0.8793918281,0.4001732979
sample249,-1,0.6969896957,0.4305223352,0.034106692,0.1179817978,0.2295221472,0.2830476111,0.8758499656,0.5377928806,0.1106543331,0.4894042144
sample250,-1,0.4276052008,0.135060861,0.5031815354,0.1721477997,0.8440040358,0.389984982,0.9592659153,0.4548170374,0.5077809023,0.8131161308
sample251,-1,0.6298665197,0.7228965875,0.4010800907,0.1235976687,0.7718675551,0.1515821142,0.225643155,0.6159160562,0.1029829944,0.1247545239
sample252,-1,0.4061196913,0.0453293157,0.4830357827,0.0091305716,0.9439317876,0.9438582397,0.9288611169,0.6340279345,0.2227979978,0.4351037694
sample253,-1,0.5855526362,0.8126801424,0.7363188503,0.4150592351,0.1705228491,0.2859965076,0.790817896,0.6016699086,0.8243719397,0.4366360698
sample254,-1,0.4633429762,0.8761566313,0.2993638736,0.37490583,0.1227760944,0.1877656742,0.6641076244,0.4975655205,0.1536917729,0.9269028941
sample255,-1,0.5155641737,0.4901305106,0.3483870172,0.1763072709,0.1018251223,0.2920320543,0.4179006639,0.9347227155,0.5820364044,0.1086352409
sample256,-1,0.2968668088,0.2253007228,0.5148818303,0.3137132418,0.6212252371,0.7651754866,0.438511535,0.2912988493,0.5032273958,0.9518750052
sample257,-1,0.4718423338,0.0037498579,0.5140772527,0.3663325038,0.8841885207,0.1222141645,0.9985920644,0.4963378536,0.3776197172,0.0582461535
sample258,-1,0.3510472854,0.3499113597,0.2406299292,0.1289420891,0.0409765331,0.297497732,0.5140073875,0.5783890597,0.2678314318,0.2175623851
sample259,-1,0.4728516305,0.0797927193,0.7916599111,0.3905602545,0.9637575226,0.2050245699,0.3949563245,0.2702993934,0.4332178542,0.5134911703
sample260,-1,0.3928137018,0.2788645493,0.3309928893,0.8722731916,0.9241593901,0.0545814632,0.476974127,0.5057712586,0.237963273,0.36421865
sample261,-1,0.4630284045,0.4007473652,0.1653139868,0.4112049627,0.1559154732,0.3864417159,0.9375334956,0.4809435832,0.5431191819,0.4140543353
sample262,-1,0.7319111012,0.1670442146,0.4694026131,0.4692530414,0.7458076915,0.4186426808,0.420870549,0.829776299,0.845650775,0.0694073915
sample263,-1,0.5465238483,0.4697428903,0.1958220387,0.021651949,0.7634543345,0.4239005967,0.9109157867,0.6827377239,0.6816972842,0.5629778836
sample264,-1,0.5741230936,0.0797927193,0.0995742767,0.0234967827,0.8726713896,0.0014655638,0.6396282793,0.4839657783,0.1761645206,0.8637956784
sample265,-1,0.3425174243,0.3957922205,0.1998080774,0.2145282362,0.0319673847,0.6796084106,0.8040499798,0.4975655205,0.1919731453,0.4992488424
sample266,-1,0.430306994,0.5944097706,0.226302991,0.4480799093,0.9430485491,0.6661835361,0.5367293158,0.052712938,0.29819774,0.4682381328
sample267,-1,0.6509781671,0.4594778456,0.0627958706,0.4906421518,0.0374165007,0.4666706041,0.4164163034,0.5043113543,0.6241000994,0.1021740343
sample268,-1,0.2832747245,0.2940613564,0.2760061161,0.4952161112,0.1871547671,0.7744388113,0.8762499512,0.4283800768,0.4076513969,0.4635449661
sample269,-1,0.2634585292,0.4775007173,0.3013115781,0.2884012237,0.9160269563,0.1434274976,0.9526974245,0.3733534026,0.6344764909,0.0587566792
sample270,-1,0.5171548873,0.3186465653,0.2549525423,0.1720013326,0.1804369304,0.0418422313,0.5098823263,0.9822867553,0.6832573782,0.7618246716
sample271,-1,0.3115815267,0.2489308452,0.4262476871,0.356203078,0.9746559288,0.1985382664,0.8453282045,0.4014844048,0.1293818838,0.2509889797
sample272,-1,0.593686192,0.2807885745,0.3988310224,0.1627736395,0.794670531,0.7532397759,0.9275485256,0.4553792313,0.185257383,0.7874152349
sample273,-1,0.3801868572,0.2495151226,0.730204051,0.1539469717,0.0510874556,0.0684475704,0.9340147605,0.4730335722,0.6053526609,0.2824562106
sample274,-1,0.5469737872,0.0149289249,0.4932001395,0.4356400181,0.0044727691,0.0204510899,0.3773855819,0.4853844199,0.6234973333,0.5144613467
sample275,-1,0.5171548873,0.1904763202,0.2202831229,0.1426332208,0.9929634028,0.0938184844,0.3306388854,0.5063343911,0.6515352702,0.0034531709
sample276,-1,0.418854828,0.0158802306,0.5203011391,0.1658169375,0.3089417334,0.13479614,0.4164891298,0.2747073905,0.6123839602,0.1734466377
sample277,-1,0.3215719936,0.1598151218,0.0259007336,0.1409349682,0.9746559288,0.0172003422,0.9325880594,0.2922695172,0.1279661138,0.3952593865
sample278,-1,0.5156020756,0.4009856117,0.4932001395,0.3980839923,0.1632479036,0.2659879858,0.5180536121,0.4845588583,0.8782410657,0.91940968
sample279,-1,0.6970987256,0.5671661087,0.339346354,0.020228862,0.6435765043,0.6940006531,0.3700593793,0.5812363723,0.0233933143,0.1379858367
sample280,-1,0.6307499505,0.1284784689,0.3751049542,0.0571229651,0.7525196618,0.3240460575,0.9121361955,0.6053683511,0.6515352702,0.2370523412
sample281,-1,0.5715413454,0.0002495813,0.4665234527,0.3951478422,0.9762180579,0.385902918,0.4925134306,0.5588511616,0.1719641516,0.7444833303
sample282,-1,0.3182757397,0.3433239363,0.3444912677,0.1913107911,0.03701677,0.330082801,0.5069444846,0.3164882711,0.2799100572,0.2307167599
sample283,-1,0.6533700794,0.0741553624,0.7717788781,0.0634209453,0.4612534774,0.4311856528,0.9066194419,0.0581949104,0.7085472152,0.0622854427
sample284,-1,0.3473644455,0.6010149871,0.4745395723,0.1986775276,0.7977837162,0.4971745861,0.3275392352,0.6367713934,0.693705218,0.6242862815
sample285,-1,0.7371190055,0.3317856962,0.3751397985,0.8257465269,0.8698673072,0.3272491118,0.4112822476,0.323311383,0.6780894989,0.5249839995
sample286,-1,0.4178443163,0.2995593689,0.4171165765,0.3596476887,0.8069134712,0.8218026323,0.4156151234,0.7336555831,0.4157392715,0.5891455671
sample287,-1,0.2887170947,0.1684384932,0.2489215763,0.492899751,0.8506315619,0.1184111355,0.3260269041,0.296213548,0.1719641516,0.2723271769
sample288,-1,0.3660895332,0.265058964,0.0077745813,0.0104316055,0.825923216,0.4318310646,0.715476828,0.3410247661,0.2138734487,0.5772985385
sample289,-1,0.497776256,0.2066689928,0.5140772527,0.3437676158,0.1747703394,0.0096804232,0.5040609945,0.7644328273,0.2983143065,0.654795571
sample290,-1,0.2600534069,0.8395706604,0.8104132845,0.4639291463,0.7654527947,0.2098640352,0.7727461176,0.4305282324,0.4193885706,0.6293501717
sample291,-1,0.5045308128,0.051703153,0.1567508239,0.0732190463,0.0290839499,0.3619089204,0.173511963,0.8132289067,0.1761645206,0.0628065123
sample292,-1,0.3073485778,0.4215735551,0.487126568,0.9267869349,0.1828084982,0.1175978646,0.3335729866,0.2556746415,0.185257383,0.1786439086
sample293,-1,0.5493972155,0.4007473652,0.3189403073,0.3783549409,0.9309243904,0.5502284088,0.4760150017,0.6218516826,0.1498463025,0.2451537875
sample294,-1,0.5706434049,0.9303218773,0.8537103979,0.1048385466,0.0755156006,0.4647716012,0.505135521,0.3410247661,0.2003816646,0.503866258
sample295,-1,0.3227809155,0.3478605529,0.2221048892,0.1873283497,0.9089437976,0.4261925466,0.9841940021,0.6367713934,0.8676357966,0.0742164737
sample296,-1,0.623464921,0.3354404151,0.1134176495,0.3846553665,0.0068988403,0.0832428211,0.049226102,0.6381280372,0.5743145176,0.1275476557
sample297,-1,0.4230739304,0.4841403634,0.4010800907,0.3915259293,0.4707804353,0.2720803838,0.9254778403,0.3409051949,0.7676045224,0.1210957526
sample298,-1,0.7179293111,0.171380225,0.1603421356,0.763139476,0.0563346249,0.7312412827,0.8250340191,0.4283800768,0.591065416,0.1026753799
sample299,-1,0.5636880924,0.2167208296,0.4056446222,0.2003326935,0.1632479036,0.1649850738,0.4773188718,0.5965236143,0.6234973333,0.9755580512
sample300,-1,0.4519244836,0.8906002559,0.0824293776,0.159694933,0.9016529968,0.2748152365,0.9739683173,0.2415867448,0.1811590357,0.4181169233
sample301,-1,0.5636880924,0.4205356769,0.034108777,0.299765051,0.937774004,0.0581053412,0.7850630199,0.5274375908,0.0559014596,0.2447796961
sample302,-1,0.7261695609,0.4821614264,0.2662220698,0.6114593513,0.7517218926,0.2397283281,0.9229622762,0.7436524349,0.8958666209,0.5436170827
sample303,-1,0.5185368209,0.1349320887,0.6535157873,0.0974833783,0.7940584436,0.6007998615,0.9291692673,0.6336282753,0.0941445236,0.1210957526
sample304,-1,0.7417329287,0.2394691394,0.4731597159,0.2360940749,0.9401711043,0.2494605244,0.3557667141,0.6336282753,0.7193213595,0.1822837453
sample305,-1,0.679934187,0.2807885745,0.4892828913,0.3428268308,0.0516411302,0.1547218525,0.3967877672,0.8358261001,0.5820364044,0.2122867299
sample306,-1,0.7273524981,0.0200131204,0.5171490872,0.374911255,0.0409765331,0.0684475704,0.9375334956,0.4078691506,0.7694107342,0.5668215951
sample307,-1,0.618224565,0.4784163616,0.8051964147,0.1409349682,0.1598523056,0.3055689874,0.2877975891,0.5824908577,0.9091737633,0.875792658
sample308,-1,0.6653209546,0.4306105977,0.0940218083,0.4596600333,0.9762180579,0.7089072841,0.9058981015,0.8460431016,0.0608301318,0.8143238178
sample309,-1,0.618224565,0.2113710951,0.7526444038,0.0234967827,0.0978269125,0.2417010843,0.4815242577,0.8228611345,0.0429405164,0.6583117456
sample310,-1,0.2960088128,0.0943333687,0.765239857,0.0254559794,0.9588845331,0.5190053313,0.3764412258,0.5166338647,0.0849984887,0.2360761186
sample311,-1,0.5436256522,0.0943333687,0.5349063126,0.0732190463,0.9278587845,0.6379041839,0.9114490607,0.6831611157,0.965137073,0.7349639453
sample312,-1,0.260238333,0.4205356769,0.846650733,0.8589074359,0.1831510534,0.88435863,0.9783396352,0.0125659067,0.912670298,0.4122672896
sample313,-1,0.5235257389,0.8436227796,0.2190883439,0.1295831508,0.0783595044,0.3673954611,0.3248014397,0.8527318797,0.0743158652,0.9305573902
sample314,-1,0.3124454517,0.3377332773,0.0824293776,0.4099432541,0.0956635641,0.3306066432,0.3260269041,0.8500126144,0.0897354998,0.3661517199
sample315,-1,0.4447645213,0.004380421,0.2701890953,0.4482549157,0.0071218382,0.3765632772,0.8499340033,0.5878381344,0.5782875083,0.1753382872
sample316,-1,0.3383194833,0.0883654433,0.3350454314,0.041267732,0.9773275284,0.9895248071,0.4480476055,0.6956924483,0.1360158703,0.4305040679
sample317,-1,0.4803458931,0.3478605529,0.5979679623,0.2909910935,0.8430330393,0.2840749244,0.4970723026,0.4234562311,0.6513928475,0.2358915158
sample318,-1,0.286443914,0.0534978876,0.3999914243,0.8770006691,0.9533262924,0.3898262226,0.9402573082,0.5259658664,0.6479012896,0.122558449
sample319,-1,0.4735336938,0.3195437622,0.8677942678,0.3302705077,0.3473528528,0.0127516831,0.319095086,0.1669380682,0.5431191819,0.6535209755
sample320,-1,0.7297984549,0.0537859015,0.4162642961,0.3343671536,0.0888579139,0.3243315265,0.8418040661,0.4162338593,0.1143312575,0.7628738283
sample321,-1,0.5769643854,0.8197956071,0.5123748434,0.0706371069,0.7584677624,0.2668752003,0.4164163034,0.8154614713,0.6360058771,0.8541560835
sample322,-1,0.680278514,0.0757322985,0.2844409417,0.34154445,0.9657913989,0.3989920159,0.7713423037,0.5965236143,0.6254231414,0.6583117456
sample323,-1,0.4824470161,0.2187586446,0.2174906405,0.045434931,0.8440040358,0.84907412,0.2844797353,0.8001292894,0.3776197172,0.1413783767
sample324,-1,0.4341284079,0.825031269,0.2756409701,0.050961933,0.0529227631,0.129643284,0.2910343083,0.6518950482,0.287248575,0.881507114
sample325,-1,0.4349881567,0.0535262111,0.8013405457,0.6763375277,0.1911163495,0.2859121747,0.0209133675,0.6426421579,0.5286048598,0.2211821674
sample326,-1,0.4112131947,0.0731394824,0.2155375876,0.0104316055,0.1556551992,0.0525253355,0.3520462011,0.5695290873,0.2698385572,0.8750653363
sample327,-1,0.7454035261,0.0022463014,0.4127776195,0.16335008,0.9278587845,0.554115637,0.2912142353,0.4585679612,0.0122271347,0.1379858367
sample328,-1,0.3486693667,0.1921320542,0.31866718,0.1429264802,0.7616566309,0.4408863682,0.8418040661,0.756062898,0.6906313013,0.5048126769
sample329,-1,0.4629958588,0.0941187193,0.2190883439,0.2532967666,0.9309243904,0.2078891696,0.3850268179,0.6081351137,0.0207399625,0.1557540968
sample330,-1,0.6289392231,0.4261342398,0.5192303955,0.4590482574,0.8544778268,0.935414373,0.8770833303,0.633836194,0.776609669,0.1056156636
sample331,-1,0.6816787893,0.0672633835,0.4162642961,0.1252293577,0.2224514642,0.7146661265,0.99156088,0.5340189166,0.0559014596,0.4037886632
sample332,-1,0.3132313301,0.3309226623,0.4572804577,0.3428268308,0.0784253004,0.0020722729,0.8543900297,0.3409051949,0.0693958163,0.6980975153
sample333,-1,0.3726976153,0.2855529611,0.713992618,0.1341759706,0.7047383817,0.1535687023,0.9815561617,0.7282467035,0.6905675795,0.7236616476
sample334,-1,0.3115815267,0.0058956831,0.7527599197,0.4365591176,0.1943886323,0.0496005227,0.4632178257,0.037081983,0.2111607808,0.4633318376
sample335,-1,0.682321834,0.7158210861,0.1489541419,0.2892582817,0.0137994336,0.0220010702,0.8636414061,0.296213548,0.70743444,0.8730180739
sample336,-1,0.4855390158,0.3029318507,0.1037145903,0.4349205267,0.7855343519,0.4049626907,0.512845891,0.3276388189,0.9732383703,0.0628065123
sample337,-1,0.5927325641,0.7014925741,0.1332930546,0.3819220244,0.8069134712,0.3223350538,0.3444393035,0.15303451,0.317880655,0.1734466377
sample338,-1,0.4431130376,0.5670379906,0.048801924,0.3783549409,0.7666062094,0.2249605055,0.4952706152,0.4941227415,0.0312441991,0.1643461645
sample339,-1,0.3407865967,0.2229785418,0.4454142189,0.2979029076,0.1475810497,0.2123693367,0.469762187,0.8917104915,0.1106543331,0.1210957526
sample340,-1,0.551888591,0.8785024948,0.1542844172,0.062821207,0.7606803547,0.7878368327,0.4158620154,0.3728594709,0.1527226069,0.7354700577
sample341,-1,0.7186161793,0.3241702072,0.1264681783,0.1112178231,0.0510874556,0.4295414323,0.2779800821,0.5083860999,0.0402597855,0.6994609877
sample342,-1,0.5326048644,0.1660097618,0.3041432395,0.4605718976,0.9691425875,0.5187812808,0.8114503102,0.0464383815,0.1815876646,0.5969023058
sample343,-1,0.6370983078,0.0672633835,0.0749903221,0.1866207834,0.0942741406,0.0101198924,0.444950919,0.6066790717,0.28990771,0.5274693699
sample344,-1,0.2830674841,0.3774594326,0.0492598183,0.4099432541,0.0554603364,0.0713007044,0.4030275902,0.7140103352,0.6434781625,0.6981214622
sample345,-1,0.3538472179,0.2831173998,0.139577061,0.1627736395,0.7993327759,0.001667633,0.97974095,0.4953017645,0.5212744306,0.6981214622
sample346,-1,0.5706912081,0.0017764549,0.31866718,0.0234967827,0.884611249,0.5746203302,0.8117633549,0.5695290873,0.2387774648,0.6908541446
sample347,-1,0.6319669608,0.1993092474,0.656906548,0.089419924,0.8029502665,0.4165400578,0.3561841023,0.2977265184,0.0004247827,0.7236367376
sample348,-1,0.4630284045,0.3486034611,0.768834809,0.0038639424,0.209232243,0.2908746241,0.5082217193,0.3733534026,0.581910265,0.6105762817
sample349,-1,0.2588825158,0.8883868023,0.226302991,0.1017421284,0.2165044929,0.2078433788,0.9472812311,0.6625559261,0.499733005,0.2994904361
sample350,-1,0.4178443163,0.3218819922,0.4508723811,0.0259572838,0.5812942742,0.0938184844,0.0387796276,0.317447573,0.0202727655,0.5575264959
sample351,-1,0.2487461651,0.3554227688,0.9104946877,0.1617303873,0.7526828749,0.3374278555,0.8074777016,0.278978108,0.7980724018,0.3247240355
sample352,-1,0.7194007668,0.1958794114,0.0470702797,0.8564566905,0.4288694371,0.7314340239,0.3903889973,0.1101387228,0.1353929594,0.8927870814
sample353,-1,0.5185368209,0.3499113597,0.636235521,0.3631265569,0.1610918867,0.7471137642,0.6365909821,0.2533365857,0.9843375756,0.0307987222
sample354,-1,0.6225927971,0.4261342398,0.3057214117,0.7800914498,0.2204541217,0.3614956282,0.925637924,0.3807625667,0.2410911513,0.7758733176
sample355,-1,0.4588151368,0.0537859015,0.3058042606,0.3596476887,0.0946175425,0.7324656922,0.9986798569,0.7625114946,0.5099662092,0.5843930995
sample356,-1,0.3490853872,0.0176683267,0.0960004786,0.3308177143,0.0554603364,0.2033096439,0.906789857,0.7131969885,0.9068407745,0.5381888373
sample357,-1,0.7346988023,0.5578873608,0.3822714322,0.1376409383,0.6014275314,0.2187060527,0.7889819993,0.5553858587,0.8464281336,0.1311758622
sample358,-1,0.5292041628,0.2187586446,0.4909315155,0.4952161112,0.0213247899,0.6669632412,0.3648521898,0.6827377239,0.7179788541,0.36421865
sample359,-1,0.5174674908,0.3323432993,0.244724112,0.2985206591,0.6650490268,0.4934475051,0.3786684643,0.5094519417,0.718320643,0.5274693699
sample360,-1,0.3069468528,0.4364797625,0.7156744529,0.4360506294,0.1039830223,0.2249605055,0.3916543328,0.4227315945,0.7356782882,0.7993841547
sample361,-1,0.286443914,0.1486737772,0.3057214117,0.3555578462,0.130328242,0.2773940139,0.8758499656,0.363693618,0.7322357743,0.758526057
sample362,-1,0.3698946617,0.6708212678,0.2309840283,0.7431517785,0.8350716445,0.4239005967,0.9104783061,0.5367073152,0.8464281336,0.0822919213
sample363,-1,0.70707551,0.0699740306,0.2934153793,0.2178108707,0.1018251223,0.1957608615,0.444950919,0.2133680984,0.811612294,0.8641537194
sample364,-1,0.674693804,0.4470917633,0.0311702253,0.1247391803,0.1242678044,0.4049626907,0.9338254947,0.8433094233,0.0922729476,0.1275476557
sample365,-1,0.4743355398,0.0534978876,0.4399382636,0.1017421284,0.0213247899,0.4691729267,0.4597989154,0.2789389797,0.5557558151,0.2355175996
sample366,-1,0.3744963001,0.4167186631,0.3141646638,0.0542940959,0.0914160782,0.4023676,0.250359302,0.35729037,0.1826181491,0.6071694438
sample367,-1,0.4002313881,0.2359755609,0.2514021874,0.0234967827,0.8309363223,0.1374113575,0.2446954752,0.7691631473,0.1203732918,0.6041700882
sample368,-1,0.3479417122,0.3976129518,0.2595532492,0.3229877317,0.3184015167,0.4649760379,0.5005402286,0.6501404682,0.1536917729,0.3782241965
sample369,-1,0.4676906204,0.17563369,0.1402397155,0.3516461694,0.1319687453,0.1300097902,0.3557667141,0.4793274552,0.1075369377,0.1983652916
sample370,-1,0.3947302117,0.0504276312,0.2190883439,0.4782850418,0.7855343519,0.4313751709,0.9814663918,0.4761634384,0.8492989768,0.654795571
sample371,-1,0.408115243,0.2807885745,0.329235378,0.0634209453,0.9917169243,0.6714064276,0.4566381751,0.4162338593,0.7885369776,0.1828824565
sample372,-1,0.5794207701,0.3430890108,0.6266052664,0.0779752789,0.8805065194,0.3042308463,0.4164891298,0.8527515055,0.4113909078,0.0050685144
sample373,-1,0.3132313301,0.4841403634,0.426710149,0.309846355,0.6918506709,0.0830463719,0.3063653634,0.4035937284,0.5767422418,0.570748127
sample374,-1,0.6857197142,0.2820830794,0.3910162511,0.376460682,0.1667513275,0.3223350538,0.4170550222,0.2567491852,0.7257470458,0.0034531709
sample375,-1,0.6688770446,0.0880619278,0.4891055831,0.2087393733,0.1018251223,0.0069435573,0.8250340191,0.4078691506,0.5395067169,0.7176081451
sample376,-1,0.299407274,0.4594778456,0.6619734799,0.354623246,0.1634594539,0.8401838328,0.2785752646,0.6081351137,0.6811207284,0.1223899605
sample377,-1,0.640696327,0.3195437622,0.1037145903,0.2100020072,0.2373064837,0.1473731607,0.8670610348,0.6136710334,0.7085472152,0.2100121658
sample378,-1,0.7103108733,0.0601465091,0.3710235237,0.1801598946,0.6600371883,0.0220010702,0.3611266108,0.316841854,0.4123064433,0.2357357061
sample379,-1,0.6137631849,0.58230682,0.307865053,0.2447863968,0.7993327759,0.4311856528,0.424127128,0.9163286543,0.0092293868,0.723985109
sample380,-1,0.585692174,0.1625156855,0.1817267639,0.2777660883,0.2302573189,0.6688579396,0.4462973469,0.8666303465,0.5261681897,0.0104481563
sample381,-1,0.5596237644,0.219473751,0.4403657886,0.0826685754,0.7742577944,0.9084460914,0.8133441301,0.8923586951,0.5828723955,0.1531165266
sample382,-1,0.3823783522,0.0209489531,0.1630339458,0.1516766911,0.9757773408,0.1955164735,0.7772832103,0.5611128791,0.0062316267,0.9679775337
sample383,-1,0.61028857,0.2444272631,0.8553526511,0.0530028055,0.1988100249,0.0787072937,0.843860823,0.649794957,0.2288902531,0.6980975153
sample384,-1,0.5283574917,0.4387958349,0.113647501,0.2043142287,0.0600510904,0.5406431481,0.3374279759,0.4839657783,0.0122271347,0.4992488424
sample385,-1,0.2487461651,0.7593512206,0.244724112,0.7646187534,0.0345910574,0.8488189264,0.3015562733,0.3929349173,0.5079883605,0.3580738301
sample386,-1,0.3081790864,0.3126979391,0.487126568,0.1669860918,0.1559154732,0.6422835518,0.8691034478,0.0833796775,0.6535907606,0.388568629
sample387,-1,0.4837593271,0.331559333,0.2146467446,0.0675895377,0.1702980503,0.1026930304,0.4118013088,0.5588511616,0.3640005292,0.5587553557
sample388,-1,0.5768774977,0.18149623,0.2677090586,0.1913107911,0.9177435976,0.660504233,0.096795769,0.2556746415,0.0040800131,0.7283611409
sample389,-1,0.2677249362,0.4369359687,0.3350454314,0.4248672622,0.4321670387,0.0273633006,0.4253730526,0.3469660836,0.5451203984,0.7324832903
sample390,-1,0.4281198697,0.2430833165,0.4034349366,0.5361161701,0.2496137577,0.5065288912,0.286945671,0.4596819497,0.7384632189,0.054377985
sample391,-1,0.3748650645,0.7106028105,0.1586153184,0.2521929715,0.8151395904,0.6653603328,0.6024113738,0.441993055,0.2462272401,0.7118678047
sample392,-1,0.3675216966,0.0751615212,0.5123748434,0.3308177143,0.8177223199,0.9749867019,0.9238719477,0.7022834661,0.3377569067,0.085674606
sample393,-1,0.3568306869,0.0231998287,0.426710149,0.3257894081,0.9021512041,0.0533064138,0.3227335835,0.8050921661,0.7171739093,0.792261007
sample394,-1,0.5951566476,0.0751615212,0.6616952542,0.4480799093,0.8208003702,0.2033096439,0.8067403731,0.0079764205,0.0446011464,0.1622416051
sample395,-1,0.5779686467,0.2370934672,0.4331504162,0.3571147867,0.452945142,0.0654685051,0.8161086983,0.0700604962,0.7193213595,0.0855983558
sample396,-1,0.4200543803,0.4841403634,0.339346354,0.3951478422,0.0978269125,0.0775222869,0.914610366,0.4386412158,0.6905675795,0.4828447739
sample397,-1,0.3549269791,0.9602643498,0.3201179992,0.2046117614,0.4018964769,0.9709932912,0.444950919,0.5588886709,0.1383454184,0.2307490424
sample398,-1,0.5328907577,0.9660423593,0.0591323052,0.2587233556,0.7728472041,0.0990383145,0.3374262466,0.7099579018,0.9750855405,0.0358390558
sample399,-1,0.4489644371,0.3218819922,0.3797777156,0.3631265569,0.2292567453,0.7689745629,0.4602563819,0.1766320661,0.1185723809,0.546324139
